sentence_id,תיאור,title,sentence_text,query number,tagger,status,label,label2,start_ind,end_ind,mental_state,clean_sentence
1646536,"חדה , ברורה ו עקבית , לאורך כל חקירה של היא",ME-10-07-21310-4,"למעלה מ כך , גרסת ה מתלוננת ב עניין זה , הייתה חדה , ברורה ו עקבית , לאורך כל חקירה של היא ו אף ב עדות של היא ב פנין של הוא , ו התנגדות של היא ל מעשי ה נאשם ב היא , החל מ ה מגע ה ראשוני , הוכחה ב פנין של הוא .",7.0,dana,annotated,"אמינה: בהירה, פשוטה, עקבית, אותנטית, ללא הגזמה",,483.0,484.0,No,"למעלה מכך, גרסת המתלוננת בעניין זה, הייתה חדה, ברורה ועקבית, לאורך כל חקירותיה ואף בעדותה בפנינו, והתנגדותה למעשי הנאשם בה, החל מהמגע הראשוני, הוכחה בפנינו"
419985,נוספת,m98000923-197,"כלומר , ה גירסה ש סיפרה מיקה כאילו נמסרה מ פי ה מתלוננת , איננה יכולה להחשב ל ה גירסה נוספת של ה מתלוננת , כפי ש ה סניגור ייחס ל היא שוב ו שוב ב סיכום של הוא , שכן אין זו גירסה של היא של ה מתלוננת , אלא גירסה "" משופצת "" , אם תרצה "" מנופחת "" , של מיקה .",5.0,dana,annotated,not relevant,,374.0,375.0,No,"כלומר, הגירסה שסיפרה מיקה כאילו נמסרה מפי המתלוננת, איננה יכולה להחשב לגירסה נוספת של המתלוננת, כפי שהסניגור ייחס לה שוב ושוב בסיכומיו, שכן אין זו גירסתה של המתלוננת, אלא גירסה ""משופצת"", אם תרצה ""מנופחת"", של מיקה"
70350,מהימנה,ME-12-09-33735-44,עדות של היא של ה מתלוננת מהימנה ו יש להעדיף את היא על פני עדות של הוא של ה נאשם .,1.0,dana,annotated,אמינה בגלל שהנאשם לא אמין,,17.0,20.0,No,עדותה של המתלוננת מהימנה ויש להעדיף אותה על פני עדותו של הנאשם
146293,אמינה על אני,s021336a,גירסה של הוא של ה מתלונן היתה אמינה על אני ו נמצאו ל היא ראיות מסייעות ו מחזקות .,5.0,dana,annotated,אמינה בגלל חיזוק חיצוני,,211.0,214.0,No,17.	גירסתו של המתלונן היתה אמינה עלי ונמצאו לה ראיות מסייעות ומחזקות
1561688,אחרת,m06003042-275,"ל ה עניין גביית עדות קטינה על ידי חוקרת ילדים ו ה אפשרות כי תשמש ראיית סיוע עדות קטינה אחרת אשר אף היא נגבתה בידי חוקרת ילדים , אפנה ל נאמר ב :",7.0,dana,annotated,not relevant,,452.0,453.0,No,"לעניין  גביית עדות  קטינה על ידי חוקרת ילדים והאפשרות כי תשמש ראיית סיוע עדות קטינה אחרת אשר אף היא נגבתה בידי חוקרת ילדים, אפנה לנאמר ב:"
350974,יחידה,ME-09-1010-27,"נוכח סיטואציה ראייתית זו מתבקשת ה מסקנה , כי לא די ב עדות של היא ה יחידה של ה מתלוננת , לבדה , כדי לבסס הרשעה ו נדרשת מידה מסוימת של חיזוק חיצוני כדי לאששה .",5.0,dana,annotated,"עדות עם בעיות (אמינה אבל או אמינה אבל מעוררת תמיהות וספקות, אמינה אבל עדות יחידה לא מספקת) - אמינה אבל יש פגמים ולכן ההכרעה היא כנגד המתלוננ.ת",,768.0,770.0,No,"נוכח סיטואציה ראייתית זו מתבקשת המסקנה, כי לא די בעדותה היחידה של המתלוננת, לבדה, כדי לבסס הרשעה ונדרשת מידה מסוימת של חיזוק חיצוני כדי לאששה"
637218758,,ME-09-1010-27,,,dana,annotated,"עדות עם בעיות (אמינה אבל או אמינה אבל מעוררת תמיהות וספקות, אמינה אבל עדות יחידה לא מספקת) - אמינה אבל יש פגמים ולכן ההכרעה היא כנגד המתלוננ.ת",,765.0,766.0,No,"לאחר שחזרתי ובחנתי את עדותה של המתלוננת הגעתי לכלל דעה, כי חלק מהסתירות הינן בבחינת ""סתירות לכאורה"", הנעוצות בטבע האנושי, וככאלה הן בנות הסבר, אך בה בעת ישנן כאלה שלא נמצא להן מענה מספק והן אינן ניתנות לריפוי"
1754198,ראשית,ME-13-05-3045-11,"ליבת גירסה של היא של ה מתלוננת ב עדות של היא ה ראשית לגבי מה ש עשה ל היא ה נאשם , לא עורערה ב בית ה משפט ב חקירה של היא ה נגדית , ו נותרה עקבית ל עדות של היא ה ראשית : 39 .",13.0,dana,annotated,not relevant,,527.0,528.0,No,כל כך הרבה זמן וכל כך פרטי פרטים אני לא חושבת שהייתי יכולה להמציא דבר כזה
1081026,יחידה,s002412,גם אילו לא היו ראיות סיוע אלה בפני הייתי מסתפקת ב עדות של היא ה יחידה של ה מתלוננת ו קובעת את אחריות של הוא של ה נאשם .,5.0,dana,annotated,not relevant,,498.0,499.0,No,גם אילו לא היו ראיות סיוע אלה בפני הייתי מסתפקת בעדותה היחידה של המתלוננת וקובעת את אחריותו של הנאשם
389187,מפורטת,ME-13-07-36795-33,"אכן , ב הודעה של היא ב ה משטרה מסרה ה מתלוננת גרסה מפורטת יותר , אך ה פרטים ש נמסרו ב גרסה זו אינם מהווים את ליבת ה אירועים ה מבססים את ה עבירות ב הן הורשע ה מערער , אלא רק את ה מסגרת ש מסביב .",8.0,dana,annotated,not relevant,,974.0,975.0,No,"אכן, בהודעתה במשטרה מסרה המתלוננת גרסה מפורטת יותר, אך הפרטים שנמסרו בגרסה זו אינם מהווים את ליבת האירועים המבססים את העבירות בהן הורשע המערער, אלא רק את המסגרת שמסביב"
637094,יותר מהימן,s97002328-10,"זאת ו עוד , חרף התרשמות של הוא ה חיובית של חוקר ה נוער מעדות של היא של ה ילד לפני הוא , עדות של היא של ה מתלוננת לפני , לא הותירה על אני רושם יותר מהימן מאשר הותירה על אני עדות של הוא של ה נאשם לפני .",9.0,dana,annotated,not relevant,,257.0,258.0,No,"זאת ועוד,חרף התרשמותו החיובית של חוקר הנוער מעדותה של הילד לפניו,עדותה של המתלוננת לפני, לא הותירה עלי רושם יותר מהימן מאשר הותירה עלי עדותו של הנאשם לפני"
1583972,טענה של הוא כאילו אין גירסה של היא של ה מתלוננת מהימנה,s015210,"ל טענה של הוא כאילו אין גירסה של היא של ה מתלוננת מהימנה משום ש לא הרימה קול צעקה , או משום ש לא התקשרה מיד ל ה משטרה לאו טענה היא ב נסיבות .",1.0,dana,annotated,"לא רלוונטי- עמדת הצדדים בנוגע להערכת המהימנות, הלכות כלליות בנוגע להערכת מהימנות, לא נוגע להערכת מהימנות כלל",,111.0,113.0,No,"14.	לטענתו כאילו אין גירסתה של המתלוננת מהימנה משום שלא הרימה קול צעקה, או משום שלא התקשרה מיד למשטרה לאו טענה היא בנסיבות"
859101,איננה אפשרית,m04001224-418,"גרסה של היא של ה מתלוננת ב כל ה נוגע ל הסרת ה מכנסיים איננה מתקבלת על ה דעת ו איננה אפשרית , ו ה השערה ש אם היתה ממציאה את דבר של היא , היתה טורחת להמציא סיטואציה פשוטה יותר , אינה יכולה לבוא תחת ה סיטואציה ה בלתי אפשרית ש תוארה ו אינה יכולה להוסיף ל דבר של היא של ה מתלוננת הגיון או נופך של אמת .",1.0,dana,annotated,"לא אמינה: נתפסת כנקמנית, חשש להעללה או האשמת שווא",,1298.0,1310.0,No,"גרסתה של המתלוננת בכל הנוגע להסרת המכנסיים איננה מתקבלת על הדעת ואיננה אפשרית, וההשערה שאם היתה ממציאה את דבריה, היתה טורחת להמציא סיטואציה פשוטה יותר, אינה יכולה לבוא תחת הסיטואציה הבלתי אפשרית שתוארה ואינה יכולה להוסיף לדבריה של המתלוננת הגיון או נופך של אמת"
12597,יחידה,ME-12-07-40109-11,""" מ לשון ה סעיף עולה כי בית - ה משפט רש'י להסתמך על עדות יחידה של מתלוננת , ו בלבד ש יפרט מה הניע את הוא להסתפק ב עדות זו .",5.0,dana,annotated,"לא רלוונטי- עמדת הצדדים בנוגע להערכת המהימנות, הלכות כלליות בנוגע להערכת מהימנות, לא נוגע להערכת מהימנות כלל",,974.0,975.0,No,"""מלשון הסעיף עולה כי בית-המשפט רש'י להסתמך על עדות יחידה של מתלוננת, ובלבד שיפרט מה הניע אותו להסתפק בעדות זו"
687212,מפלילה,m03001032,ענין נוסף ש מקשה על אימוץ גרסה של היא ה מפלילה של ה מתלוננת הוא משך ש הייתם ה משותפת של ה שניים ב דירת ה נאשם .,5.0,dana,annotated,"לא אמינה: לא עקבית, הציגה סתירות",,86.0,97.0,No,ענין נוסף שמקשה על אימוץ גרסתה המפלילה של המתלוננת הוא משך שהייתם המשותפת של השניים בדירת הנאשם
1183363,אמין,SH-10-09-24576-950,"כאמור , הותירה ב אני ה מתלוננת רושם אמין ביותר , ו אין ל אני כל ספק כי אכן חוותה את ה אירועים ש תיארה על בשרה .",17.0,dana,annotated,"אמינה: בהירה, פשוטה, עקבית, אותנטית, ללא הגזמה",,105.0,106.0,No,"כאמור, הותירה בי המתלוננת רושם אמין ביותר, ואין לי כל ספק כי אכן חוותה את האירועים שתיארה על בשרה"
63967,אמינה,s00011239-243,"מה גם , ש כאמור , עדות של היא ה אמינה של ה מתלוננת גם לגבי נגיעת ה נאשם ב עכוזה , די ב היא גם ל ענין זה .",5.0,dana,annotated,not relevant,,136.0,139.0,No,"מה גם, שכאמור, עדותה האמינה של המתלוננת גם לגבי נגיעת הנאשם בעכוזה, די בה גם לענין זה"
227729,בסיסית,SH-08-2974-556,"לפיכך , מ סקנתי היא ש על אף ש אני נוטה ליתן אמון ב גרסה של היא ה בסיסית של ה מתלוננת לפי היא ה נאשם אכן נישק את היא על ש פתיה ו ליטף את גב של היא , הרי ש לא שוכנעתי כי ניתן לקבוע את ה מסקנה ה אמורה מעבר ל ה ספק סביר .",5.0,dana,annotated,"עדות עם בעיות (אמינה אבל או אמינה אבל מעוררת תמיהות וספקות, אמינה אבל עדות יחידה לא מספקת) - אמינה אבל יש פגמים ולכן ההכרעה היא כנגד המתלוננ.ת",,159.0,160.0,No,"39.לפיכך, מסקנתי היא שעל אף שאני נוטה ליתן אמון בגרסתה הבסיסית של המתלוננת לפיה הנאשם אכן נישק אותה על שפתיה וליטף את גבה, הרי שלא שוכנעתי כי ניתן לקבוע את המסקנה האמורה מעבר לספק סביר"
500387,יחידה,SH-10-10-18706-362,"על מנת לקבוע מה משקל של הוא של מחדל ה חקירה של אי גביית הודעה / הודעות מ חבר של היא של ה מתלוננת ו האם יש ב הוא כדי להטות את ה כף לעבר זיכוי של הוא של ה נאשם מחמת ה ספק , כעתירת ב את כוח של הוא , אשוב על מ סקנותיי לגבי מהימנות גרסאות ה מתלוננת מ זה ו ה נאשם מ זה , כש אני מזהירה עצמי כי ראיות ה תביעה מבוססות על עדות של היא ה יחידה של ה מתלוננת .",5.0,dana,annotated,"לא רלוונטי- עמדת הצדדים בנוגע להערכת המהימנות, הלכות כלליות בנוגע להערכת מהימנות, לא נוגע להערכת מהימנות כלל",,129.0,130.0,No,"על מנת לקבוע מה משקלו של מחדל החקירה של אי גביית הודעה/הודעות מחבריה של המתלוננת והאם יש בו כדי להטות את הכף לעבר זיכויו של הנאשם מחמת הספק, כעתירת באת כוחו, אשוב על מסקנותיי לגבי מהימנות גרסאות המתלוננת  מזה והנאשם מזה, כשאני מזהירה עצמי כי ראיות התביעה מבוססות על עדותה היחידה של המתלוננת"
513104,מהימנה על אנחנו מ ה סיבות ש פורטו לעיל,ME-06-1036-45,"עדות ה נאשם עדות של היא של ה מתלוננת היתה מהימנה על אנחנו מ ה סיבות ש פורטו לעיל , ו אנו מעדיפים את היא על פני עדות ה נאשם , אשר לא הרשימה את אנחנו ב כנות של היא ו אמינות של היא , ו אנו מטילים ב היא ספק .",5.0,dana,annotated,אמינה בגלל שהנאשם לא אמין,,426.0,427.0,No,"עדותה של המתלוננת היתה מהימנה עלינו מהסיבות שפורטו לעיל, ואנו מעדיפים אותה על פני עדות הנאשם, אשר לא הרשימה אותנו בכנותה ואמינותה, ואנו מטילים בה ספק"
301722,אמינות,SH-10-11-13054-33,"ב אופן כללי , מצאתי את עדות של הן של כל ה מתלוננות אמינות .",1.0,dana,annotated,"לא רלוונטי- עמדת הצדדים בנוגע להערכת המהימנות, הלכות כלליות בנוגע להערכת מהימנות, לא נוגע להערכת מהימנות כלל",,893.0,894.0,No,[ההדגשות הוספו - מ
1327479,אמת,M-NoPub-ZB-8-238-L,"כ שני עמית של אני אף אני ראיתי ו שמעה של אני את עדות של הם של ה מתלוננת מחד ו של ה נאשם מאידך ו נוטה אני ל דעה של היא ש ל חכבל ה שופטת סוקולוב כי עדות ה מתלוננת עדות אמת היא , בעוד ש עדות ה נאשם הינה שקרית ו בלתי מתקבלת על ה דעת .",21.0,dana,annotated,אמינה בגלל שהנאשם לא אמין,,959.0,960.0,No,"כשני עמיתי אף אני ראיתי ושמעתי את עדויותיהם של המתלוננת מחד ושל הנאשם מאידך ונוטה אני לדעתה של כב' השופטת סוקולוב כי עדות המתלוננת עדות אמת היא, בעוד שעדות הנאשם הינה שקרית ובלתי מתקבלת על הדעת"
1137465,אחרת,s99001132-160,"זאת ו עוד , אם אמרה ה מתלוננת , ש עם בוא של הוא של ה נאשם פתחה היא קצת ה דלת ו נאמר ל הוא לחכות רגע , הרי ש מצי אנחנו כי ה מתלוננת סיפרה ל ניסים גירסה אחרת לפי היא מייד עם ה יכנסו של ה נאשם , החל להתעסק עם היא ( ראה עדות ניסים חנ/ 3 , עמ' 1 סיפא ו עמקצ2 רישא ) .",8.0,dana,annotated,not relevant,,170.0,171.0,No,"זאת ועוד, אם אמרה המתלוננת, שעם בואו של הנאשם פתחה היא קצת הדלת ונאמר לו לחכות רגע, הרי שמצינו כי המתלוננת סיפרה לניסים גירסה אחרת לפיה מייד עם היכנסו של הנאשם, החל להתעסק עימה (ראה עדות ניסים חנ/3, עמ' 1 סיפא ועמ' 2 רישא)"
932342970,,s99001132-160,,,dana,annotated,"לא אמינה: לא עקבית, הציגה סתירות",,169.0,170.0,No,אין גירסת המתלוננת מתיישבת עם הגיונם של הדברים
458272,טענה של הוא גרסת ה מתלונן ל אירוע זה שקרית,m07001116-174,ל טענה של הוא גרסת ה מתלונן ל אירוע זה שקרית .,3.0,dana,annotated,"לא רלוונטי- עמדת הצדדים בנוגע להערכת המהימנות, הלכות כלליות בנוגע להערכת מהימנות, לא נוגע להערכת מהימנות כלל",,340.0,346.0,No,לטענתו גרסת המתלונן לאירוע זה שקרית
702748,חיובי,SH-15-10-46643-55,"כפי ש ציינתי , ה מתלונן הותיר רושם חיובי מ ראשית עדות של הוא .",17.0,dana,not annotated,,,,,,"55.	כפי שציינתי, המתלונן הותיר רושם חיובי מראשית עדותו"
779031734,,SH-15-10-46643-55,,,dana,annotated,"אמינה: בהירה, פשוטה, עקבית, אותנטית, ללא הגזמה",אמינה בגלל חיזוק חיצוני,248.0,249.0,No,"54.	רשימת סימני האמת והראיות התומכות בגרסתו של המתלונן הנה רשימה ארוכה וממשית, ומדובר בסימני אמת פנימיים, המצויים בגרסתו שלו, בעדותו, בפעולות חקירה הקשורות אליו ישירות כגון עימות עם הנאשם, וכן בראיות תומכות חיצוניות, בגרסאותיהם של עדי התביעה הנוספים, בתכתובות שלו עם הנאשם, ובסוף, גם בגרסתו ועדותו של הנאשם, אשר חוסר הכנות שבה סתמה סופית, ומעבר לנדרש, את הגולל על כל ספק קלוש באשמתו"
1673248,קטן,ME-12-08-3491-22,""" ה ריני סבור כי ב ה שאלה אם לקבל כ ה ראיה את חוות דעה של הוא ו עדות של הוא של חוקר ילדים , אודות מתלונן קטן ה מעיד ב משפט , מוטל על בית ה משפט להכריע תוך התחשבות ב מטרת ה גשתן של ה ראיות ו על רקע נסיבה של הוא ה עובדתיות של ה מקרה ה נתון .",4.0,dana,annotated,"לא רלוונטי- עמדת הצדדים בנוגע להערכת המהימנות, הלכות כלליות בנוגע להערכת מהימנות, לא נוגע להערכת מהימנות כלל",,954.0,955.0,No,"""הריני סבור כי בשאלה אם לקבל כראיה את חוות דעתו ועדותו של חוקר ילדים, אודות מתלונן קטן המעיד במשפט, מוטל על בית המשפט להכריע תוך התחשבות במטרת הגשתן של הראיות ועל רקע נסיבותיו העובדתיות של המקרה הנתון"
753799,אמינה,m03001164,חיזוקים ל עדות של היא ה אמינה של ה מתלוננת מצאתי ב ראיות ה נוספות ש הובאו ב פנין של הוא .,5.0,dana,annotated,not relevant,,1138.0,1139.0,No,"כך עֵדוּת חוקרת-הילדים, הגב' ענת משי-הראל, והתרשמותה מהמתלוננת - מהווים חיזוק של ממש לאמיתוּת הדברים שעליהם העידה המתלוננת"
1639835,מהימנה,ME-11-06-51536-78,"על כן : עדות של היא ה מהימנה של ה מתלוננת חוזקה איפוא ב עדות ה נאשם דלעיל היא , ל כל ה פחות כ ראשית הודייה .",5.0,dana,not annotated,,,,,,"על כן: עדותה המהימנה של המתלוננת חוזקה איפוא בעדות הנאשם דלעיל, לכל הפחות כראשית הודייה"
1943719,יחידה,ME-12-06-24991-111,"בנוסף חשוב להזכיר כי כיום ניתן לבסס הרשעה על עדות של הוא ה יחידה של מתלונן ב ה עבירות מין , גם מבלי ש נמצא חיזוק ו אפנה ב ענין זה ל פסק דין של הוא של ה שופט א' א' לוי :",5.0,dana,annotated,"לא רלוונטי- עמדת הצדדים בנוגע להערכת המהימנות, הלכות כלליות בנוגע להערכת מהימנות, לא נוגע להערכת מהימנות כלל",,375.0,376.0,No,"בנוסף חשוב להזכיר כי כיום ניתן לבסס הרשעה על עדותו היחידה של מתלונן בעבירות מין, גם מבלי שנמצא חיזוק ואפנה בענין זה לפסק דינו של השופט א' א' לוי:"
854392,אמין,ME-19-07-69765-55,"גם עדות של הוא של ה מתלונן ב פנין של הוא , הותירה רושם אמין .",9.0,dana,not annotated,,,,,,"גם עדותו של המתלונן בפנינו, הותירה רושם אמין"
434306602,,ME-19-07-69765-55,,,dana,annotated,"אמינה: בהירה, פשוטה, עקבית, אותנטית, ללא הגזמה",,636.0,637.0,No,"ניכר כי הוא מאד הקפיד לדייק בתשובותיו, דאג לתקן את באי כוח הצדדים בנוגע להשתלשלות העניינים, ועמד על גרסתו למרות שאלות חוזרות ונשנות וחקירה נגדית ארוכה ולא פשוטה"
107143,אמת,ME-10-04-32059-862,"לעומת זאת סבורני , כי גרסה של היא של א' , ו לו ב מתכון של היא ה מצמצמת , היא גרסת אמת .",21.0,dana,annotated,not relevant,,761.0,766.0,No,"לעומת זאת סבורני, כי גרסתה של א', ולו במתכונתה המצמצמת, היא גרסת אמת"
652173,יחידה,s04002949-420,הייתי מגיעה ל אותה קביע של היא גם על פי עדות של היא ה יחידה של ה מתלוננת .,5.0,dana,annotated,"לא רלוונטי- עמדת הצדדים בנוגע להערכת המהימנות, הלכות כלליות בנוגע להערכת מהימנות, לא נוגע להערכת מהימנות כלל",,622.0,623.0,No,הייתי מגיעה לאותה קביעה גם על פי עדותה היחידה של המתלוננת
540733,מוקדמת,s05003256-194,"הסדר ה טיעון ב חלק של הוא ה ראשון , ייתר את שמיעת עדות של היא ה מוקדמת של ה מתלוננת ב ענין ה אישום ה ראשון , ו ב חלק של הוא ה שני - את שמיעת עדות ה מתלוננת ב נוגע ל אישום ה שני .",5.0,dana,annotated,"לא רלוונטי- עמדת הצדדים בנוגע להערכת המהימנות, הלכות כלליות בנוגע להערכת מהימנות, לא נוגע להערכת מהימנות כלל",,22.0,23.0,No,"הסדר הטיעון בחלקו הראשון, ייתר את שמיעת עדותה המוקדמת של המתלוננת בענין האישום הראשון, ובחלקו השני-  את שמיעת עדות המתלוננת בנוגע לאישום השני"
664005,"טענה של היא , עדות של היא של ה מתלוננת היתה עקבית",m07001017,"ל טענה של היא , עדות של היא של ה מתלוננת היתה עקבית ו מ הימנה , ו תאמה את ה גרסה ש מסרה ב ה משטרה , ו ב התבסס על היא יש לקבוע כי ה נאשם ביצע ב היא את ה מעשים ה מיניים ה מיוחסים ל הוא , מ אז היתה ה מתלוננת כ בת 13 , ו זאת ללא הסכמה של היא .",5.0,dana,annotated,"לא רלוונטי- עמדת הצדדים בנוגע להערכת המהימנות, הלכות כלליות בנוגע להערכת מהימנות, לא נוגע להערכת מהימנות כלל",,788.0,789.0,No,"לטענתה, עדותה של המתלוננת היתה עקבית ומהימנה, ותאמה את הגרסה שמסרה במשטרה, ובהתבסס עליה יש לקבוע כי הנאשם ביצע בה את המעשים המיניים המיוחסים לו, מאז היתה המתלוננת כבת 13, וזאת ללא הסכמתה"
103714,סותרות,m00000935-103,"ה מתלוננת מסרה ב ה משטרה ו ב עדות של היא ב בית ה משפט שתי גרסאות סותרות , ה אחת ה מפלילה את ה נאשם , ו ה אחרת - ש חוזרת ב היא מ גרסת ה הפללה .",8.0,dana,annotated,"לא רלוונטי- עמדת הצדדים בנוגע להערכת המהימנות, הלכות כלליות בנוגע להערכת מהימנות, לא נוגע להערכת מהימנות כלל",,458.0,459.0,No,"המתלוננת מסרה במשטרה ובעדותה בבית המשפט שתי גרסאות סותרות, האחת המפלילה את הנאשם, והאחרת - שחוזרת בה מגרסת ההפללה"
125369,מהימנות,ME-11-06-33989-11,"ל זה יש להוסיף , כי עדויות ה מתלוננות היו מהימנות ב עין של אני .",7.0,dana,not annotated,,,,,,"לזה יש להוסיף, כי עדויות המתלוננות היו מהימנות בעיני"
690084863,,ME-11-06-33989-11,,,dana,annotated,"אמינה: לא נתפסת כנקמנית, אין חשש להאשמת שווא או העללה על הנאשם",,1060.0,1061.0,No,"באם היה מדובר בעלילה, נכון בעיני כי המתלוננות היו מתארות את המעשים באופן חמור יותר (ובמיוחד מ"
48335,שונות,s02005082-239,"ב""כ ה נאשם ב ה סיכומיה טוענת כי מ חומר ה ראיות עולה כי ה מתלוננת מסרה גירסאות שונות ב פרטים עובדתיים מהותיים רבים .",8.0,dana,annotated,"לא רלוונטי- עמדת הצדדים בנוגע להערכת המהימנות, הלכות כלליות בנוגע להערכת מהימנות, לא נוגע להערכת מהימנות כלל",,251.0,252.0,No,"ב""כ הנאשם בסיכומיה טוענת כי מחומר הראיות עולה כי המתלוננת מסרה גירסאות שונות בפרטים עובדתיים מהותיים רבים"
446873,מנוגדות,m05000838-507,מ כאן ו אילך קיימות גירסאות מנוגדות של ה מתלוננת ו של ה נאשם ל ה אשר אירע ב חדר ה טיפולים .,5.0,dana,annotated,"לא רלוונטי- עמדת הצדדים בנוגע להערכת המהימנות, הלכות כלליות בנוגע להערכת מהימנות, לא נוגע להערכת מהימנות כלל",,47.0,49.0,No,מכאן ואילך קיימות גירסאות מנוגדות של המתלוננת ושל הנאשם לאשר אירע בחדר הטיפולים
213601,חיובי,s04004944-197,"אין ספק כי ה מתלוננת , אשר הותירה ב עין של אני רושם חיובי , נלחצה מ ה מעמד , ה מקום , ה מסתוריות ה שקט ו ה מתח ש שרר ב ה מקום .",17.0,dana,annotated,"עדות עם בעיות (אמינה אבל או אמינה אבל מעוררת תמיהות וספקות, אמינה אבל עדות יחידה לא מספקת) - אמינה אבל יש פגמים ולכן ההכרעה היא כנגד המתלוננ.ת",,301.0,307.0,Yes,"אין ספק כי המתלוננת, אשר הותירה בעיני רושם חיובי, נלחצה מהמעמד, המקום, המסתוריות השקט והמתח ששרר במקום"
484089,ראשוני,SH-13-02-47-54,"נקודת ה מוצא הינה כי אין ב ה חומר ה ראיות הקלטה של ה דיווח ש נמסר ב ה גל ה קשר ל ניידות ה סיור , לאחר ש ה מתלוננת מסרה תיאור ראשוני של מבצע ה עבירות ל ה שוטר בן - נתן ב סמוך לאחר ה אירוע .",8.0,dana,annotated,"לא רלוונטי- עמדת הצדדים בנוגע להערכת המהימנות, הלכות כלליות בנוגע להערכת מהימנות, לא נוגע להערכת מהימנות כלל",,241.0,242.0,No,"22.	נקודת המוצא הינה כי אין בחומר הראיות הקלטה של הדיווח שנמסר בגל הקשר לניידות הסיור, לאחר שהמתלוננת מסרה תיאור ראשוני של מבצע העבירות לשוטר בן-נתן בסמוך לאחר האירוע"
466417,מהימנה על אני,m00000232-320,כאמור עדות של היא של ה מתלוננת היתה מהימנה על אני .,5.0,dana,annotated,not relevant,,317.0,318.0,No,28.	כאמור עדותה של המתלוננת היתה מהימנה עלי
714571555,,m00000232-320,,,dana,annotated,"אמינה: בהירה, פשוטה, עקבית, אותנטית, ללא הגזמה",,318.0,319.0,No,בפרטיה החשובים היא עקבית וקוהרנטית
102346,אינה מהימנה,ME-08-1047-463,"אומר כבר עתה ו מיד , כי מ כל ה סיבות ו הטעמים ש יפורטו ל הלן , מצאתי כי גרסת ה מתלוננת אינה מהימנה דיה ו אין ב היא לבדה ו אף לא ביחד עם יתר ה ראיות כדי להוכיח אשמה של הוא של ה נאשם מעבר ל כל ספק סביר , כ נדרש לשם הרשעה ב פלילים .",3.0,dana,annotated,not relevant,,62.0,63.0,No,"אומר כבר עתה ומיד, כי מכל הסיבות והטעמים שיפורטו להלן, מצאתי כי גרסת המתלוננת אינה מהימנה דיה ואין בה לבדה ואף לא ביחד עם יתר הראיות כדי להוכיח אשמתו של הנאשם מעבר לכל ספק סביר, כנדרש לשם הרשעה בפלילים"
641276482,,ME-08-1047-463,,,dana,annotated,"לא אמינה: לא עקבית, הציגה סתירות",,63.0,64.0,No,"כפי שאראה להלן, גרסתה של המתלוננת לוקה בחוסר סבירות ואינה נהנית מהגיון פנימי"
208705694,,ME-08-1047-463,,,dana,annotated,"לא אמינה: לא עקבית, הציגה סתירות",,64.0,65.0,No,ועדותה שניכרו בה גוזמאות וחצאי אמיתות אינה מתיישבת עם הודעותיה הקודמות ואף לא עם ראיות חיצוניות
289619,אמינה,SH-08-1069-752,"אינני נותן אמון ב עדות של הוא ה מגמתית של ה נאשם , ו יש להעדיף , ב אופן ברור את עדות של היא ה אמינה ו ה עקבית של ה מתלוננת .",5.0,dana,annotated,"אמינה: בהירה, פשוטה, עקבית, אותנטית, ללא הגזמה",אמינה בגלל שהנאשם לא אמין,173.0,174.0,No,"אינני נותן אמון בעדותו המגמתית של הנאשם, ויש להעדיף, באופן ברור את עדותה האמינה והעקבית של המתלוננת"
906519,אמין,ME-11-02-34952-76,ה מתלוננת עשתה על אני רושם אמין .,17.0,dana,annotated,not relevant,,311.0,312.0,No,המתלוננת עשתה עלי רושם אמין
654667098,,ME-11-02-34952-76,,,dana,annotated,"אמינה: בהירה, פשוטה, עקבית, אותנטית, ללא הגזמה",,312.0,313.0,No,תאורה אודות התקיפה שעברה ואודת הנסיבות היה עקבי והוא מקובל אף על הנאשם
891808,אחרות,s05001930-158,גם עדות זו שונה ב תכלית מגירסה של היא של מתלוננת 2 ו מכל ה גירסאות ה אחרות .,5.0,dana,annotated,"לא רלוונטי- עמדת הצדדים בנוגע להערכת המהימנות, הלכות כלליות בנוגע להערכת מהימנות, לא נוגע להערכת מהימנות כלל",,172.0,173.0,No,גם עדות זו שונה בתכלית מגירסתה של מתלוננת 2 ומכל הגירסאות האחרות
13215,"אפשריים ו לא הגיוניים ( בשל גודל חדר ה שירותים ו ה מקלחת , ו ה חלונות ה רבים ה צופים על חדר ה מדרגות )",ME-12-07-40109-11,"ל צורך הוכחת טענה של הוא כי תיאורי ה מתלוננת בלתי אפשריים ו לא הגיוניים ( בשל גודל חדר ה שירותים ו ה מקלחת , ו ה חלונות ה רבים ה צופים על חדר ה מדרגות ) , הציג , כאמור , את תמונות ה מקומות ( תמונות 7 - 22 , נ / 15 ; עמ' 139 - 142 ל ה פרוטל ) .",3.0,dana,annotated,"לא רלוונטי- עמדת הצדדים בנוגע להערכת המהימנות, הלכות כלליות בנוגע להערכת מהימנות, לא נוגע להערכת מהימנות כלל",,1419.0,1420.0,No,"לצורך הוכחת טענתו כי תיאורי המתלוננת בלתי אפשריים ולא הגיוניים (בשל גודל חדר השירותים והמקלחת, והחלונות הרבים הצופים על חדר המדרגות), הציג, כאמור, את תמונות המקומות (תמונות 7-22, נ/15; עמ' 139-142 לפרוט')"
376214,מהימנה ב דרגת ה מהימנות ה גבוהה,m014018,"כאמור , חוקרת ה ילדים מצאה כי עדות ה ילדה מהימנה ב דרגת ה מהימנות ה גבוהה ביותר : ב "" "" אני מתרשמת ב רמת מהימנות גבוהה מעדות של היא של [ ה ילדה ] .",3.0,dana,annotated,"אמינה: בהירה, פשוטה, עקבית, אותנטית, ללא הגזמה",,263.0,264.0,No,"14.	כאמור, חוקרת הילדים מצאה כי עדות הילדה מהימנה בדרגת המהימנות הגבוהה ביותר:ב"
911897,שונות,ME-09-1063-277,"באשר ל מודעות ל ה גילה של ה מתלוננת ב הקשר של הוא של מעשה זה , מאחר ו מדובר ב מגע ה מיני ה ראשון בין ה שניים לאחר היכרות של הם בין שבועיים ל חודשיים על פי גרסא של הם ה שונות של ה נאשם ו ה מתלוננת , הרי ה קביעה באשר ל מודעות של הוא באשר ל יתר עבירות ה בעילה ב הסכמה , חלה גם כאן .",5.0,dana,annotated,"לא רלוונטי- עמדת הצדדים בנוגע להערכת המהימנות, הלכות כלליות בנוגע להערכת מהימנות, לא נוגע להערכת מהימנות כלל",,449.0,450.0,No,"באשר למודעות לגילה של המתלוננת בהקשרו של מעשה זה, מאחר ומדובר במגע המיני הראשון בין השניים לאחר היכרותם בין שבועיים לחודשיים על פי גרסאותיהם השונות של הנאשם והמתלוננת, הרי הקביעה באשר למודעותו באשר ליתר עבירות הבעילה בהסכמה, חלה גם כאן"
29388,מוצקים,m08001016,"יתרה מ כך , עדות של היא של ה מתלוננת מושתתת על אדנים מוצקים , בדמות עדות של הם של יתר עדי ה תביעה , אשר מבססים את עדות של היא ו מחזקים את היא .",11.0,dana,annotated,אמינה בגלל חיזוק חיצוני,"אמינה: בהירה, פשוטה, עקבית, אותנטית, ללא הגזמה",315.0,316.0,No,"יתרה מכך, עדותה של המתלוננת מושתתת על אדנים מוצקים, בדמות עדויותיהם של יתר עדי התביעה, אשר מבססים  את עדותה ומחזקים אותה"
584759,ראשונה,SH-09-4143-158,"מ כאן , כי גרסה של היא לפי היא סיפרה ל חברה של היא ה שוטרת לא עמדה אולי לפני ה חוקרת , עם זאת , כאמור לעיל , ב גרסה של היא ה ראשונה של ה מתלוננת , ב תרשומת ה ראיון עם ה גבק עזריאל , נכתב ב יחס ל אירוע ה אמור ב אישום ה ראשון : "" מ... מספרת ב אותו ערב ל ה חברה נוספת ש היא שוטרת "" .",5.0,dana,annotated,אמינה בגלל חיזוק חיצוני,"אמינה: בהירה, פשוטה, עקבית, אותנטית, ללא הגזמה",576.0,577.0,No,"מכאן, כי גרסתה לפיה סיפרה לחברתה השוטרת לא עמדה אולי לפני החוקרת, עם זאת, כאמור לעיל, בגרסתה הראשונה של המתלוננת, בתרשומת הראיון עם הגב' עזריאל, נכתב ביחס לאירוע האמור באישום הראשון: ""מ"
828247,"אינה הגיונית גם בשל כך ש לא מתקבל על ה דעת ש ה נאשם חשף ב פנים של היא , לכאורה , את איברט של אנחנו ו הכריח את היא לבצע ב הוא מ ין אוראלי , ו ה כול ב חניון של קניון הראל ,",s05004390-44,"ה שנייה - ש גרסת ה מתלוננת אינה הגיונית גם בשל כך ש לא מתקבל על ה דעת ש ה נאשם חשף ב פנים של היא , לכאורה , את איברט של אנחנו ו הכריח את היא לבצע ב הוא מ ין אוראלי , ו ה כול ב חניון של קניון הראל , ו זאת כאשר ב היותם ב ה עין חמד ה נאשם נבהל מאד מ רכב ש עבר ב מקרה ב ה מקום .",3.0,dana,annotated,"לא רלוונטי- עמדת הצדדים בנוגע להערכת המהימנות, הלכות כלליות בנוגע להערכת מהימנות, לא נוגע להערכת מהימנות כלל","אמינה: בהירה, פשוטה, עקבית, אותנטית, ללא הגזמה",480.0,484.0,No,"השנייה - שגרסת המתלוננת אינה הגיונית גם בשל כך שלא מתקבל על הדעת שהנאשם חשף בפניה, לכאורה, את איבר מינו והכריח אותה לבצע בו מין אוראלי, והכול בחניון של קניון הראל, וזאת כאשר בהיותם בעין חמד הנאשם נבהל מאד מרכב שעבר במקרה במקום"
311403,מושלם,ME-08-1045-33,"אכן , תיאור של היא של ה מתלוננת איננו מושלם .",1.0,dana,annotated,"לא רלוונטי- עמדת הצדדים בנוגע להערכת המהימנות, הלכות כלליות בנוגע להערכת מהימנות, לא נוגע להערכת מהימנות כלל",,602.0,603.0,No,"אכן, תיאורה של המתלוננת איננו מושלם"
923613,כוללת,m011118,"עדות של הוא של רוסלן , ב נקודה מסוימת זו , מחזקת את גרסה של היא ה כוללת של ה מתלוננת ו מגבירה את אמינות של היא .",5.0,dana,annotated,אמינה בגלל חיזוק חיצוני,,568.0,573.0,No,"עדותו של רוסלן, בנקודה מסוימת זו, מחזקת את  גרסתה  הכוללת של  המתלוננת ומגבירה  את אמינותה"
101460,יחידה,s00002583-88,"ב כל ה נוגע ל עבירת ה מעשה ה מגונה , ב סוף שמיעת ה ראיות ניצבת עדות של היא ה יחידה של ה מתלוננת מול עדות של הוא של ה נאשם .",5.0,dana,not annotated,,,,,,"בעבירה זו ניתן לבסס הרשעה בפלילים על עדות יחידה של המתלוננת ואולם קיימת חובת הנמקה מה הניע את ביהמ""ש להסתפק בעדות זו (ס'  ל)"
202005,מוקפדת,SH-18-01-42624-345,"ו אולם , עניין זה אינו יורד ל שורש אמינות תלונה של היא - הוא דווקא מלמד , כי לא העידה ב פניי , מתלוננת ב עדות מוקפדת , מתוכננת , ש מטרה של היא עלילת כזב .",13.0,dana,not annotated,,,,,,"ואולם, עניין זה אינו יורד לשורש אמינות תלונתה - הוא דווקא מלמד, כי לא העידה בפניי, מתלוננת בעדות מוקפדת, מתוכננת, שמטרתה עלילת כזב"
1136671,מהימן,m99000948-a,ה מתלוננת עשתה על אני רושם מהימן ו אינני מיחס חשיבות ל כל ה תמיהות ו ה סתירות ש בא כוח ה נאשם ניסה להראות ב סיכום של הוא .,17.0,dana,annotated,"אמינה: בהירה, פשוטה, עקבית, אותנטית, ללא הגזמה",אמינה בגלל שהנאשם לא אמין,283.0,290.0,No,המתלוננת עשתה עלי רושם מהימן ואינני מיחס חשיבות לכל התמיהות והסתירות שבא כוח הנאשם ניסה להראות בסיכומיו
1229756,"שון אחר : ל טענת ה נאשם , גרסת ה מתלוננת , לפי היא ה מעשים נשוא כתב ה אישום בוצעו ב היא ב מהלך ה סיור , תוך כדי נסיעה ב רכב ה טומקאר - כלל איננה אפשרית מ בחינה עובדתית",SH-08-5595-390,"ל שון אחר : ל טענת ה נאשם , גרסת ה מתלוננת , לפי היא ה מעשים נשוא כתב ה אישום בוצעו ב היא ב מהלך ה סיור , תוך כדי נסיעה ב רכב ה טומקאר - כלל איננה אפשרית מ בחינה עובדתית .",3.0,dana,annotated,"לא רלוונטי- עמדת הצדדים בנוגע להערכת המהימנות, הלכות כלליות בנוגע להערכת מהימנות, לא נוגע להערכת מהימנות כלל",,88.0,89.0,No,"לשון אחר: לטענת הנאשם,  גרסת המתלוננת, לפיה המעשים נשוא כתב האישום בוצעו בה במהלך הסיור, תוך כדי נסיעה ברכב הטומקאר – כלל איננה אפשרית מבחינה עובדתית"
382840,מהימן,ME-10-01-28729-1,"ה מאשימה סבורה גם כי עדות של היא של ה מתלוננת ב בית ה משפט , אף כי היתה קטועה ו רצופת שתיקות , הותירה רושם מהימן .",9.0,dana,annotated,"לא רלוונטי- עמדת הצדדים בנוגע להערכת המהימנות, הלכות כלליות בנוגע להערכת מהימנות, לא נוגע להערכת מהימנות כלל",,93.0,94.0,No,"המאשימה סבורה גם כי עדותה של המתלוננת בבית המשפט, אף כי היתה קטועה ורצופת שתיקות, הותירה רושם מהימן"
649096,"הלכה , גם אם עדות של היא של מתלוננת ב ה עבירות מין איננה מושלמת",m021212d,"ב יהמ""ש נדרש ל שאלת מהימנות עדות של היא של ה בת ו ציין כי הוא נותן ב היא אמון מלא ו כי לפי ה הלכה , גם אם עדות של היא של מתלוננת ב ה עבירות מין איננה מושלמת , אין פירוש של הוא ש היא איננה שלמה , מה גם ש מדובר ב קטינה ה מצויה ב ה שנים ה קריטיות ל התפתחות של היא .",1.0,dana,annotated,"לא רלוונטי- עמדת הצדדים בנוגע להערכת המהימנות, הלכות כלליות בנוגע להערכת מהימנות, לא נוגע להערכת מהימנות כלל",,6.0,13.0,No,"ביהמ""ש נדרש לשאלת מהימנות עדותה של הבת וציין כי הוא נותן בה אמון מלא וכי לפי ההלכה, גם אם עדותה של מתלוננת בעבירות מין איננה מושלמת, אין פירושו שהיא איננה שלֵמה, מה גם שמדובר בקטינה המצויה בשנים הקריטיוֹת להתפתחותה"
1137346,שונה,s99001132-160,"תאור ה מתלוננת ל ה רגע כניסה של הוא של ה נאשם שונה הוא , שכן אותה "" קפיצה "" לא היתה - גם אליבא דדברי ה מתלוננת - איך ש ה נאשם נכנס .",7.0,dana,annotated,not relevant,,89.0,94.0,No,"תאור המתלוננת לרגע כניסתו של הנאשם שונה הוא, שכן אותה ""קפיצה"" לא היתה - גם אליבא דדברי המתלוננת - איך שהנאשם נכנס"
1639857,ברורה,ME-11-06-51536-78,עדות של היא של ה מתלוננת היתה ברורה ו אמינה .,5.0,dana,annotated,"אמינה: בהירה, פשוטה, עקבית, אותנטית, ללא הגזמה",,883.0,887.0,No,עדותה של המתלוננת היתה ברורה ואמינה
291079,צעירה,ME-14-07-52713-11,"ה מתלוננת נחקרה ממושכות , התמודדה עם ה שאלות ה רבות ש הופנו אל היא , הסבירה את התנהלות של היא ו קו ה מחשבה של היא "" ב זמן אמת "" , ו התרשמתי מ עדות של בחורה צעירה ש אכן עברה את ה מתואר .",4.0,dana,annotated,"אמינה: בהירה, פשוטה, עקבית, אותנטית, ללא הגזמה",,283.0,284.0,No,"המתלוננת נחקרה ממושכות, התמודדה עם השאלות הרבות שהופנו אליה, הסבירה את התנהלותה וקו המחשבה שלה ""בזמן אמת"", והתרשמתי מעדות של בחורה צעירה שאכן עברה את המתואר"
865563,אמינה,SH-09-09-8105-83,"אני קובע אפוא כי גרסה של היא של ה מתלוננת אמינה לחלוטין , ו במיוחד ב ה צירוף תכיפות ה תלונה ו ה מצב ה נפשי ש נלווה אל היא .",1.0,dana,annotated,"אמינה: בהירה, פשוטה, עקבית, אותנטית, ללא הגזמה",,146.0,147.0,Yes,"אני קובע אפוא כי גרסתה של המתלוננת אמינה לחלוטין, ובמיוחד בצירוף תכיפות התלונה והמצב הנפשי שנלווה אליה"
217624,סדורה,ME-15-10-1855-55,"עדות ה מתלוננת ש ל הותירה ב אני , כאמור , רושם מהימן ביותר , ב היותה עדות סדורה ו מפורטת , ו ב תארה את ש התרחש "" מ דם ליבה "" ו ניתן היה להתרשם מ ביטחון של היא ה רב ב זיהוי של הוא של ה נאשם כ מי ש תקף את היא ו חבל ב היא .",18.0,dana,annotated,"אמינה: בהירה, פשוטה, עקבית, אותנטית, ללא הגזמה",,1045.0,1046.0,No,"עדות המתלוננת ש' הותירה בי, כאמור, רושם מהימן ביותר, בהיותה עדות סדורה ומפורטת, ובתארה את שהתרחש ""מדם ליבה"" וניתן היה להתרשם מביטחונה הרב בזיהויו של הנאשם כמי שתקף אותה וחבל בה"
458907,דיות,m07001116-174,דיות עדות ה מתלונן 31 .,3.0,dana,annotated,not relevant,,836.0,837.0,No,בתקופה זו בחייו טען המתלונן אירעו המעשים עליהם סיפר חמש שנים מאוחר יותר
133911,מקובלת על אני,ME-11-06-2965-391,"כאמור לעיל , מקובלת על אני גרסה של היא של ה מתלוננת כי לא הסכימה כלל לנסוע עם ה נאשם ו לעזוב את אולם גוטניק ללא אח של היא ו ללא מוראד , ו כי ה נאשם נעל על היא את דלתות ה רכב , ו אף מנע מן היא מ לשוחח עם אלה ש התקשרו אל היא , כש ב רצון של היא להודיע איפה נמצאת ו מה מצב של היא .",1.0,dana,annotated,not relevant,,366.0,369.0,No,"כאמור לעיל, מקובלת עלי גרסתה של המתלוננת כי לא הסכימה כלל לנסוע עם הנאשם ולעזוב את אולם גוטניק ללא אחותה וללא מוראד, וכי הנאשם נעל עליה את דלתות הרכב, ואף מנע ממנה מלשוחח עם אלה שהתקשרו אליה, כשברצונה להודיע איפה נמצאת ומה מצבה"
144415,אמת,M003032,"ב שוקל של אנחנו את מכלול עדות ה מתלוננת לאור התרשמות של אנחנו מן היא , ו על רקע כל ה ראיות ש שמענו , אין ל אנחנו כל ספק כי גרסה של היא ה מקורית כפי ש העידה על היא לפני אנחנו , ו נחקרה על היא חקירה יסודית ו נוקבת , היא גרסת אמת , ו אין מ הימנות של היא נגרעת ב מאום של היא מחמת חזרה של היא ב היא מן היא , מה טעם של הם ש הוזכר לעיל .",21.0,dana,annotated,"אמינה: בהירה, פשוטה, עקבית, אותנטית, ללא הגזמה",,65.0,66.0,No,"בשוקלינו את מכלול עדות המתלוננת לאור התרשמותנו ממנה, ועל רקע כל הראיות ששמענו, אין לנו כל ספק כי גרסתה המקורית כפי שהעידה עליה לפנינו, ונחקרה עליה חקירה יסודית ונוקבת, היא גרסת אמת, ואין מהימנותה נגרעת במאומה מחמת חזרתה בה ממנה, מהטעם שהוזכר לעיל"
945217,סותרות,ME-08-1198-419,ה מתלוננת מסרה גרסאות סותרות עת תיארה את מהלך של הוא של נאשם 2 ב עניין ה שלשלאות אל הן הייתה קשורה .,8.0,dana,annotated,"לא אמינה: לא עקבית, הציגה סתירות",,1419.0,1428.0,No,המתלוננת מסרה גרסאות סותרות עת תיארה את מהלכיו של נאשם 2 בעניין השלשלאות אליהן הייתה קשורה
279092,עקבית,SH-08-6572-1,עדות של היא של ה מתלוננת היתה עקבית מאד .,5.0,dana,annotated,"אמינה: בהירה, פשוטה, עקבית, אותנטית, ללא הגזמה",,66.0,67.0,No,6.	עדותה של המתלוננת היתה עקבית מאד
685776,ראשונה,m04001134-a,"באשר ל נזק ש נגרם ל קורבנות , לא התקבל תסקיר קורבן אודות אף אחת מ ה מתלוננות , אך ה תובעת הזכירה את עדות של היא של ה מתלוננת ה ראשונה בפני בית - ה משפט , ש סיפרה ש היא נוטלת כדורים ; ש היא אינה ישנה ו אינה מתפקדת ; ש היא שבר כלי .",4.0,dana,annotated,"לא רלוונטי- עמדת הצדדים בנוגע להערכת המהימנות, הלכות כלליות בנוגע להערכת מהימנות, לא נוגע להערכת מהימנות כלל",,52.0,53.0,No,"באשר לנזק שנגרם לקורבנות, לא התקבל תסקיר קורבן אודות אף אחת מהמתלוננות, אך התובעת הזכירה את עדותה של המתלוננת הראשונה בפני בית-המשפט, שסיפרה שהיא נוטלת כדורים; שהיא אינה ישנה ואינה מתפקדת; שהיא שבר כלי"
676444,נוספת,ME-08-1157-524,"אילו היה מצב כ ה זה , ל טענה של היא היא היתה כותבת על כך מזכר ו גובה עדות נוספת מ ה מתלוננת .",5.0,dana,annotated,"לא רלוונטי- עמדת הצדדים בנוגע להערכת המהימנות, הלכות כלליות בנוגע להערכת מהימנות, לא נוגע להערכת מהימנות כלל",,327.0,330.0,No,"אילו היה מצב כזה, לטענתה היא היתה כותבת על כך מזכר וגובה עדות נוספת מהמתלוננת"
149705,שיקרית,m97000952-7,"שכן , לא מתקבל על ה דעת ש ב חורה ש בוצעו ב היא מעשים מיניים בניגוד ל רצון של היא ו ב ה כפיה , פעמיים , ל טענה של היא , תמשיך להיפגש עם מי ש כפה על היא יחסים אלו , ו לקיים איתו הוא יחסי מין מ רצון כאילו לא אירע דבר ; ו היא הנותנת - כך על פי ה טענה - כי גירסה של היא של ה מתלוננת הינה שיקרית .",5.0,dana,annotated,"לא רלוונטי- עמדת הצדדים בנוגע להערכת המהימנות, הלכות כלליות בנוגע להערכת מהימנות, לא נוגע להערכת מהימנות כלל",,613.0,618.0,No,"שכן, לא מתקבל על הדעת שבחורה שבוצעו בה מעשים מיניים בניגוד לרצונה ובכפיה, פעמיים, לטענתה, תמשיך להיפגש עם מי שכפה עליה יחסים אלו, ולקיים איתו יחסי מין מרצון כאילו לא אירע דבר; והיא הנותנת – כך על פי הטענה – כי גירסתה של המתלוננת הינה שיקרית"
1672939,יחידה,ME-12-08-3491-22,""" מ לשון ה סעיף עולה כי בית ה משפט רשאי להסתמך על עדות יחידה של מתלוננת , ו בלבד ש יפרט מה הניע את הוא להסתפק ב עדות זו .",5.0,dana,annotated,"לא רלוונטי- עמדת הצדדים בנוגע להערכת המהימנות, הלכות כלליות בנוגע להערכת מהימנות, לא נוגע להערכת מהימנות כלל",,761.0,762.0,No,"""מלשון הסעיף עולה כי בית המשפט רשאי להסתמך על עדות יחידה של מתלוננת, ובלבד שיפרט מה הניע אותו להסתפק בעדות זו"
798747,יציבה,m06007013-431,"אל מול גרסה של היא ה יציבה של ה מתלוננת ניצבות שלל גרסה של הוא של ה נאשם , על ה שינויים ה רבים ש חלו ב הן ב עניינים רבים .",5.0,dana,annotated,"אמינה: בהירה, פשוטה, עקבית, אותנטית, ללא הגזמה",אמינה בגלל שהנאשם לא אמין,366.0,367.0,No,"אל מול גרסתה היציבה של המתלוננת ניצבות שלל גרסותיו של הנאשם, על השינויים הרבים שחלו בהן בעניינים רבים"
1086956,מהימנה,ME-13-12-18407-932,( ג ) גרעין ה עדות : חרף ה סתירות ש הובאו ב שני ה סעיפים ה קודמים אני סבור כי עדות של היא של ה מתלוננת מהימנה .,1.0,dana,annotated,"אמינה למרות שיש בעיות (למשל, עדות יחידה ובכל זאת מספקת)-יש פגמים אבל ההכרעה היא לטובת המתלוננ.ת",אמינה בגלל שהנאשם לא אמין,221.0,224.0,No,(ג) גרעין העדות: חרף הסתירות שהובאו בשני הסעיפים הקודמים אני סבור כי עדותה של המתלוננת מהימנה
383295911,,ME-13-12-18407-932,,,dana,annotated,"אמינה: בהירה, פשוטה, עקבית, אותנטית, ללא הגזמה",אמינה בגלל שהנאשם לא אמין,223.0,224.0,No,"השוואת עדותה להודעותיה במשטרה מעלה כי תיאור השתלשלות האירועים ויתר הפרטים שסיפרה נותרו זהים: הנאשם התחיל ללטפה באיזור איבר המין מעל המכנסיים, העלה את ידו לחזה וליטפה מעל לבגדים (53 שורות 3-11)"
729106,ספציפי,SH-08-1578-228,"ה דרישות ה מיניות ש הפנה ה נאשם כלפי ה מתלוננת , ו לאחר מ כן ה מעשים ה מגונים ש ביצע ב היא , היו רק לאחר ש ה נאשם העמיד את ה מתלוננת על ה קושי ה ספציפי של היא ב קבלת תעודת זהות ישראלית ( כתב ה אישום ו כן עדות ה מתלוננת ב עמוד 9 שורות 18 - 7 ) .",7.0,dana,annotated,"לא רלוונטי- עמדת הצדדים בנוגע להערכת המהימנות, הלכות כלליות בנוגע להערכת מהימנות, לא נוגע להערכת מהימנות כלל",אמינה בגלל שהנאשם לא אמין,78.0,79.0,No,"הדרישות המיניות שהפנה הנאשם כלפי המתלוננת, ולאחר מכן המעשים המגונים שביצע בה, היו רק לאחר שהנאשם העמיד את המתלוננת על הקושי הספציפי שלה בקבלת תעודת זהות ישראלית (כתב האישום וכן עדות המתלוננת בעמוד 9 שורות 18-7)"
1639793,מהימנה,ME-11-06-51536-78,"עדות של היא ה מהימנה של ה מתלוננת ב בית ה משפט ו קיום של הוא של חיזוק ל היא ב עדות ה נאשם : ה מתלוננת העידה ב ביהמ""ש : ה נאשם צפה ב ה סרטים פורנוגרפיים .",5.0,dana,annotated,"לא רלוונטי- עמדת הצדדים בנוגע להערכת המהימנות, הלכות כלליות בנוגע להערכת מהימנות, לא נוגע להערכת מהימנות כלל",אמינה בגלל שהנאשם לא אמין,816.0,817.0,No,"המתלוננת העידה בביהמ""ש: הנאשם צפה בסרטים פורנוגרפיים"
128136,קשה,ME-08-04-4869-1,"עיקר טענת ה נאשם , כבר ב חקירה ב ה משטרה , היא כי ה עלילה נרקמה על ידי מ. , ו הטענה , ש הועלתה לראשונה ב בית ה משפט , היא ניסיון נואש של ה נאשם ליתן מענה ל עדות של הוא ה קשה ו ה נוקבת של ה מתלונן .",5.0,dana,annotated,"לא רלוונטי- עמדת הצדדים בנוגע להערכת המהימנות, הלכות כלליות בנוגע להערכת מהימנות, לא נוגע להערכת מהימנות כלל",אמינה בגלל שהנאשם לא אמין,600.0,601.0,No,"עיקר טענת הנאשם, כבר בחקירה במשטרה, היא כי העלילה נרקמה על ידי מ"
6156,מהימנה,ME-13-10-20400-22,"הואיל ו ב סוף של הוא של דבר שאלת ה מהימנות נתונה ב סוף של הוא של יום ל הערכת בית ה משפט אומר כי לאחר צפייה ממושכת ב מתלוננת כפי ש צולמה ב תקליטורי חקירה של היא הובילה את אני ל אותה ה מסקנה , לפי היא ה מתלוננת מסרה עדות מהימנה כפי ש סברה גם חוקרת ה ילדים .",8.0,dana,annotated,אמינה בגלל חיזוק חיצוני,אמינה בגלל שהנאשם לא אמין,635.0,636.0,No,"הואיל ובסופו של דבר שאלת המהימנות נתונה בסופו של יום להערכת בית המשפט אומר כי לאחר צפייה ממושכת במתלוננת כפי שצולמה בתקליטורי חקירתה הובילה אותי  לאותה המסקנה, לפיה המתלוננת מסרה עדות מהימנה כפי שסברה גם חוקרת הילדים"
865555,ברור,SH-09-09-8105-83,"גרסה של היא של ה מתלוננת עומדת ב מבחני ה אמינות , כמו גם ב מבחני ה סבירות ו ה התכנות : ה מתלוננת הסבירה היטב מדוע הגיעה ל מועדון ב שעה מאוחרת ו מדוע נותרה ב הוא לבדה ( כש ה הסבר נתמך ב דברי ה עד אריה ) , ו ברור מדוע ב היותה מבוהלת , לבדה ב ה מקום זר , התקשתה לראות ו ל השתמש ב פתח ה חירום ל יציאה מ ה מקום .",1.0,dana,annotated,"אמינה: לא נתפסת כנקמנית, אין חשש להאשמת שווא או העללה על הנאשם","אמינה: בהירה, פשוטה, עקבית, אותנטית, ללא הגזמה",138.0,141.0,No,"המתלוננת הסבירה היטב מדוע הגיעה למועדון בשעה מאוחרת ומדוע נותרה בו לבדה (כשההסבר נתמך בדברי העד אריה), וברור מדוע בהיותה מבוהלת, לבדה במקום זר, התקשתה לראות ולהשתמש בפתח החירום ליציאה מהמקום"
861177,מהימנה,ME-09-1132-667,"ב [1 ] 292 ) נקבעה לראשונה ה הלכה , ו לפי היא אין סיבה שלא לראות ב עדות מהימנה של ילדה , ש נמסרה בפני חוקרת ילדים , ראיה נסיבתית ה מסייעת לעדות מהימנה אחרת של ילדה , ש אף היא נמסרה בפני חוקרת ילדים .",5.0,dana,annotated,"לא רלוונטי- עמדת הצדדים בנוגע להערכת המהימנות, הלכות כלליות בנוגע להערכת מהימנות, לא נוגע להערכת מהימנות כלל",,937.0,938.0,No,"ב [1] 292) נקבעה לראשונה ההלכה, ולפיה אין סיבה שלא לראות בעדות מהימנה של ילדה, שנמסרה בפני חוקרת ילדים, ראיה נסיבתית המסייעת לעדות מהימנה אחרת של ילדה, שאף היא נמסרה בפני חוקרת ילדים"
549116,חי,ME-14-12-34621-33,"עוד ראוי לציין ב ה הקשר זה , כי בת / 8 מסרה ה קטינה תיאור מפורט ו חי של מכשיר הג'י.פי.אס ב מונית של ה נאשם , כש ל דבר של היא "" יש ל הוא משהו כ ה זה , את מכירה את זה את ה ענק ה זה ש הוא מראה ל הוא איך ללכת , הוא אומר ל הוא פנה ש מאלה , פנה זה , הוא מראה ל הוא משהו כ ה זה ענק איפה הוא הולך ... כאילו טאבלט , משהו כ ה זה .",8.0,dana,annotated,"לא רלוונטי- עמדת הצדדים בנוגע להערכת המהימנות, הלכות כלליות בנוגע להערכת מהימנות, לא נוגע להערכת מהימנות כלל",,670.0,671.0,No,"אס במונית של הנאשם, כשלדבריה ""יש לו משהו כזה, את מכירה את זה את הענק הזה שהוא מראה לו איך ללכת, הוא אומר לו פנה שמאלה, פנה זה, הוא מראה לו משהו כזה ענק איפה הוא הולך"
90271,סותרות,m06003016,"ב פנין של הוא , כאמור , שתי גרסאות סותרות של ה מתלוננת ו גרסה של ה נאשם , ו על אנחנו להכריע בין ה גרסאות ה שונות .",5.0,dana,annotated,"לא רלוונטי- עמדת הצדדים בנוגע להערכת המהימנות, הלכות כלליות בנוגע להערכת מהימנות, לא נוגע להערכת מהימנות כלל",,496.0,497.0,No,"71.	בפנינו, כאמור, שתי גרסאות סותרות של המתלוננת וגרסה של הנאשם, ועלינו להכריע בין הגרסאות השונות"
680410,נוספות,m04001141-a,"כ סיכום ביניים ניתן לסכם כדלקמן : עדות של הן של ה מתלוננות ה נוספות ב כל ה קשור ל ה אופן הגעה של הן ל ה מכון לא נסתרה , למעט על - ידי מוטי עצמו .",4.0,dana,not annotated,,,,,,"עדותן של המתלוננות הנוספות בכל הקשור לאופן הגעתן למכון לא נסתרה, למעט על-ידי מוטי עצמו"
414436,מהימנה,ME-13-02-715-22,"חוקרת ה ילדים הפנתה ל ה קריטריונים ה שונים ה משמשים ל הערכת מהימנות עדויות ילדים ו הסבירה כיצד פרטים שונים ב עדות באים לידי ביטוי ב ה קריטריונים אלה , ו משכך , התרשמות של היא כי גרסת ה מתלוננת מהימנה ו כי "" חוותה את ה אינטראקציות ה מיניות כפי ש היא מתארת את הם "" כאשר "" רוב "" חקירה של היא מסרה ב מלל חופשי ה מהווה קריטריון בסיסי ל קביעת מהימנות ה מתלוננת ( עמ' 17 שור' 9 לפרו' ) .",3.0,dana,annotated,"אמינה: בהירה, פשוטה, עקבית, אותנטית, ללא הגזמה",אמינה בגלל חיזוק חיצוני,104.0,105.0,No,"חוקרת הילדים הפנתה לקריטריונים השונים המשמשים להערכת מהימנות עדויות ילדים והסבירה כיצד פרטים שונים בעדות באים לידי ביטוי בקריטריונים אלה, ומשכך, התרשמותה כי גרסת המתלוננת מהימנה וכי ""חוותה את האינטראקציות המיניות כפי שהיא מתארת אותם"" כאשר ""רוב"" חקירתה מסרה במלל חופשי המהווה קריטריון בסיסי לקביעת מהימנות המתלוננת (עמ' 17 שור' 9 לפרו')"
1064426,יחידה,m07004039,"מ לשון ה סעיף עולה כי בית - ה משפט רשאי להסתמך על עדות יחידה של מתלוננת , ו בלבד ש יפרט מה הניע את הוא להסתפק ב עדות זו .",5.0,dana,annotated,"לא רלוונטי- עמדת הצדדים בנוגע להערכת המהימנות, הלכות כלליות בנוגע להערכת מהימנות, לא נוגע להערכת מהימנות כלל",,999.0,1000.0,No,"מלשון הסעיף עולה כי בית-המשפט רשאי להסתמך על עדות יחידה של מתלוננת, ובלבד שיפרט מה הניע אותו להסתפק בעדות זו"
829028,,SH-11-04-33622-55,"תשובה ישירה , חדה ו חודרת ; דברים כ דורבנות ש לא הותירו ב אני ספק כי עדות ה מתלוננת היא אמת לאמיתה , ו כי חוותה את ה דברים ו את ה אירוע ש על הוא סיפרה .",20.0,dana,annotated,"אמינה: בהירה, פשוטה, עקבית, אותנטית, ללא הגזמה",,124.0,125.0,No,"תשובה ישירה, חדה וחודרת; דברים כדורבנות שלא הותירו בי ספק כי עדות המתלוננת היא אמת לאמיתה, וכי חוותה את הדברים ואת האירוע שעליו סיפרה"
482820,יחידה,k00501499p,"עפ""י ה הגנה ל עדות של היא ה יחידה של ה מתלוננת - אין כל ראיה של ממש או שמץ של ראיה ה תומך או מחזק את טענת ה מתלוננת כי בוצעו ב היא מעשי אינוס .",5.0,dana,annotated,"לא רלוונטי- עמדת הצדדים בנוגע להערכת המהימנות, הלכות כלליות בנוגע להערכת מהימנות, לא נוגע להערכת מהימנות כלל",,510.0,511.0,No,"עפ""י ההגנה לעדותה היחידה של המתלוננת - אין כל ראיה של ממש או שמץ של ראיה התומך או מחזק את טענת המתלוננת כי בוצעו בה מעשי אינוס"
133749,חלשה,ME-11-06-2965-391,"ל טענת ב""כ ה נאשם , כתב ה אישום ש הוגש נגד מ רשו מבוסס רובו הוא כ כולו הוא על עדות של היא של ה מתלוננת עצמה , ו כפי ש כבר עולה מ תיאור עדות של היא לעיל , עדות זו של ה מתלוננת חלשה במיוחד , רצופה שקרים , ו אינה ראויה ל ה משקל ה דרוש כדי להרשיע אדם ב פלילים .",1.0,dana,annotated,"לא רלוונטי- עמדת הצדדים בנוגע להערכת המהימנות, הלכות כלליות בנוגע להערכת מהימנות, לא נוגע להערכת מהימנות כלל",,228.0,229.0,No,"לטענת ב""כ הנאשם, כתב האישום שהוגש נגד מרשו מבוסס רובו ככולו על עדותה של המתלוננת עצמה, וכפי שכבר עולה מתיאור עדותה לעיל, עדות זו של המתלוננת חלשה במיוחד, רצופה שקרים, ואינה ראויה למשקל הדרוש כדי להרשיע אדם בפלילים"
603495,מיניים,ME-18-12-64564-33,"בית ה משפט ה מחוזי זיכה את ה נאשם ו פסק : ליבת גרסה של היא של ה מתלוננת , ה מתארת את מעשה של הוא ה מיניים של ה נאשם כלפי היא - רצופה ב אותות אמת ו היא מהימנה ו אמינה .",9.0,dana,annotated,"אמינה: בהירה, פשוטה, עקבית, אותנטית, ללא הגזמה",,10.0,11.0,No,"ליבת גרסתה של המתלוננת, המתארת את מעשיו המיניים של הנאשם כלפיה – רצופה באותות אמת והיא מהימנה ואמינה"
746549,מפלילה,m03001032-606,ענין נוסף ש מקשה על אימוץ גרסה של היא ה מפלילה של ה מתלוננת הוא משך ש הייתם ה משותפת של ה שניים ב דירת ה נאשם .,5.0,dana,annotated,"לא אמינה: נתפסת כנקמנית, חשש להעללה או האשמת שווא",,67.0,68.0,No,ענין נוסף שמקשה על אימוץ גרסתה המפלילה של המתלוננת הוא משך שהייתם המשותפת של השניים בדירת הנאשם
1318795,שונות,SH-11-05-33811-130,"דבר של היא ה אמינים של ה מתלוננת , התנהגות של הוא ה מוזרה של ה נאשם מיד עם מעצר של הוא ו ה גרסאות ה שונות ו ה מאוחרות של הוא , מצביעות על כך כי הוא ה אדם ש אחז ב חזה של ה מתלוננת .",5.0,dana,annotated,אמינה בגלל שהנאשם לא אמין,"אמינה: בהירה, פשוטה, עקבית, אותנטית, ללא הגזמה",89.0,90.0,No,"16.	דבריה האמינים של המתלוננת, התנהגותו המוזרה של הנאשם מיד עם מעצרו והגרסאות השונות והמאוחרות שלו, מצביעות על כך כי הוא האדם שאחז בחזה של המתלוננת"
121501,שונות,m01000232,"סתירה זו בין גרסאה של היא ה שונות של ה מתלוננת מצביעה על כך כי ה מתלוננת מנסה להציג בפני ב יהמ""ש מצג לפי הוא ה נאשמים כלל לא מצאו חן ב עין של היא מלכתחילה ו כי לא הייתה מעונינת ב כל מגע עם הם , אך מצג זה אינו מתיישב עם ה עובדה כי ה מתלוננת בילתה עם ה נאשמים ב שני מועדים שונים ו נפגשה עם הם ב ה פעם ה שניה ב פאב ה פונזי ב פגישה יזומה .",5.0,dana,annotated,"לא אמינה: נתפסת כנקמנית, חשש להעללה או האשמת שווא","אמינה: בהירה, פשוטה, עקבית, אותנטית, ללא הגזמה",128.0,136.0,No,"סתירה זו בין גרסאותיה השונות של המתלוננת מצביעה על כך כי המתלוננת מנסה להציג בפני ביהמ""ש מצג לפיו הנאשמים כלל לא מצאו חן בעיניה מלכתחילה וכי לא הייתה מעונינת בכל מגע עמם, אך מצג זה אינו מתיישב עם העובדה כי המתלוננת בילתה עם הנאשמים בשני מועדים שונים ונפגשה עמם בפעם השניה בפאב הפונזי בפגישה יזומה"
968217,עקבית,m04001110,"ב עדות של היא , מסרה ה מתלוננת גרסה שלימה , עקבית ו ה גיונית של השתלשלות ה אירועים נשוא כתב ה אישום .",8.0,dana,annotated,"אמינה: בהירה, פשוטה, עקבית, אותנטית, ללא הגזמה","אמינה: בהירה, פשוטה, עקבית, אותנטית, ללא הגזמה",1897.0,1898.0,No,"בעדותה, מסרה המתלוננת גרסה שלימה, עקבית והגיונית של השתלשלות האירועים נשוא כתב האישום"
571875,זהה,m011154,"מובן כי חלק זה ב עדות של היא של ה עובדת - ה סוציאלית הינו עדות שמיעה , אך ללא ספק מהווה הוא ראיה ל אמירה של הם של ה דברים על - ידי ה מתלוננת , ו ב כך מעבה את אמינות של היא ו מ הימנות של היא של גירסת ה מתלוננת ה זהה ל הם .",7.0,dana,annotated,אמינה בגלל חיזוק חיצוני,"אמינה: בהירה, פשוטה, עקבית, אותנטית, ללא הגזמה",1222.0,1223.0,No,"מובן כי חלק זה בעדותה של העובדת-הסוציאלית הינו עדוּת שמיעה, אך ללא ספק מהווה הוא ראיה לאמירתם של הדברים על-ידי המתלוננת, ובכך מעבּה את אמינותה ומהימנוּתה של גירסת המתלוננת הזהה להם"
692653,אמינה,s08000496-128,"לאור כל ה אמור : עדות של היא ה אמינה של ה מתלוננת , הודיה של הוא ה חלקית של ה נאשם , ו משדחיתי גרסת ה הגנה , שוכנעתי מעבר ל כל ספק סביר כי עבר ה עבירה ה מיוחסת ל הוא ו אני מרשיעה את הוא בהתאם .",5.0,dana,annotated,אמינה בגלל שהנאשם לא אמין,not relevant,382.0,383.0,No,"7. לאור כל האמור:  עדותה האמינה של המתלוננת, הודייתו החלקית של הנאשם, ומשדחיתי גרסת ההגנה, שוכנעתי מעבר לכל ספק סביר כי עבר העבירה המיוחסת לו ואני מרשיעה אותו בהתאם"
61202,כשרה,m06003037,"ו ביתר פירוט : ל , ה תשט""ו - 1955 קובע כי אמנם עדות של היא של ה מתלוננת בפני חוקרת ה ילדים כשרה להתקבל כ ה ראיה , אלא ל חוק זה קובע כי :",1.0,dana,annotated,"לא רלוונטי- עמדת הצדדים בנוגע להערכת המהימנות, הלכות כלליות בנוגע להערכת מהימנות, לא נוגע להערכת מהימנות כלל",,600.0,601.0,No,"וביתר פירוט:  ל, התשט""ו – 1955 קובע כי אמנם עדותה של המתלוננת בפני חוקרת הילדים כשרה להתקבל כראיה, אלא  לחוק זה קובע כי:"
231895,עקבית כבר מ שלב זה ו עד ל ה סיום ה משפט,ME-13-10-51550-44,נטען ש גירסת ה מתלוננת היתה עקבית כבר מ שלב זה ו עד ל ה סיום ה משפט .,7.0,dana,annotated,"לא רלוונטי- עמדת הצדדים בנוגע להערכת המהימנות, הלכות כלליות בנוגע להערכת מהימנות, לא נוגע להערכת מהימנות כלל",,442.0,470.0,No,נטען שגירסת המתלוננת היתה עקבית כבר משלב זה ועד לסיום המשפט
7961,מקובלת על אני,s01777,"גירסה של היא של ה מתלוננת , ב עיקרה , ב כל ה קשור ל אירוע אשר התרחש ב צומת קסטינה , מקובלת על אני .",1.0,dana,annotated,not relevant,,25.0,26.0,No,"4.	גירסתה של המתלוננת, בעיקרה, בכל הקשור לאירוע אשר התרחש בצומת קסטינה, מקובלת עלי"
441454,יחידה,SH-08-2140-86,נוכח ה קביעה אל היא הגעתי כי ב העדר חיזוק ל עדות של היא של ה מתלוננת לא יהיה זה בטוח לקבוע ממצא עובדתי ב דבר הרשעת ה נאשם מעבר ל כל ספק סביר על יסוד עדות של היא ה יחידה של ה מתלוננת אני מזכה את ה נאשם מ חמת ה ספק .,5.0,dana,not annotated,,,,,,נוכח הקביעה אליה הגעתי כי בהעדר חיזוק לעדותה של המתלוננת לא יהיה זה בטוח לקבוע ממצא עובדתי בדבר הרשעת הנאשם מעבר לכל ספק סביר על יסוד עדותה היחידה של המתלוננת אני מזכה את הנאשם מחמת הספק
277466,ראשונה,s02003061-156,"לא ניתן גם להתעלם מ כך ש גירסה של היא ה ראשונה של ה מתלוננת היתה כי התנגדה ל מעשים של הוא של ה נאשם , ו כי ה מעשים נכפו על היא ב אופן ש נאנסה ממש בעוד ש החלק ה חמור ב כתב ה אישום עניין של אנחנו ב ה עילה אסורה ב הסכמה .",5.0,dana,not annotated,,,,,,"לא ניתן גם להתעלם מכך שגירסתה הראשונה של המתלוננת היתה כי התנגדה למעשיו של הנאשם, וכי המעשים נכפו עליה באופן שנאנסה ממש בעוד שהחלק החמור בכתב האישום עניינו בעילה אסורה בהסכמה"
